{"files": {"Cheats/TGFX16/1941 - Counter Attack (J) (SGX) [8C4588E2].zip": {"hash": "80297172d24e2a63a1b02d31baf65fb0", "size": 396, "tags": [11, 28, 201], "zip_id": "cheats_folder_tgfx16"}, "Cheats/TGFX16/1943 Kai (J) [79362389].zip": {"hash": "89f4fed45aec86dab13ea58d77644a8f", "size": 1032, "tags": [11, 28, 201], "zip_id": "cheats_folder_tgfx16"}, "Cheats/TGFX16/Adventure Island (Japan) [8E71D4F3].zip": {"hash": "a9480dc43887312119add3b529409074", "size": 6057, "tags": [11, 28, 201], "zip_id": "cheats_folder_tgfx16"}, "Cheats/TGFX16/Aero Blasters (USA) [B03E0B32].zip": {"hash": "0bf2b9c20947abc9562d5e3bc118bbb6", "size": 1417, "tags": [11, 28, 201], "zip_id": "cheats_folder_tgfx16"}, "Cheats/TGFX16/After Burner II (Japan) [CA72A828].zip": {"hash": "9f83626f67339afc53c0ab6f92733dde", "size": 527, "tags": [11, 28, 201], "zip_id": "cheats_folder_tgfx16"}, "Cheats/TGFX16/Air Zonk (USA) [933D5BCC].zip": {"hash": "0a6aa99e11a9c28f798169c78b942237", "size": 374, "tags": [11, 28, 201], "zip_id": "cheats_folder_tgfx16"}, "Cheats/TGFX16/Aldynes (J) (SGX) [4C2126B0].zip": {"hash": "69af581850b2f394284e0955fe44260a", "size": 965, "tags": [11, 28, 201], "zip_id": "cheats_folder_tgfx16"}, "Cheats/TGFX16/Alien Crush (Japan) [60EDF4E1].zip": {"hash": "d02233e008af94c5a2287f71fb4ef7fc", "size": 234, "tags": [11, 28, 201], "zip_id": "cheats_folder_tgfx16"}, "Cheats/TGFX16/Alien Crush (USA) [EA488494].zip": {"hash": "02651031f4685a4628e18e6aa84ad918", "size": 397, "tags": [11, 28, 201], "zip_id": "cheats_folder_tgfx16"}, "Cheats/TGFX16/Andre' Panza Kick Boxing (USA) [A980E0E9].zip": {"hash": "d4a01e30aa342ffcf450e8bed4d3d390", "size": 527, "tags": [11, 28, 201], "zip_id": "cheats_folder_tgfx16"}, "Cheats/TGFX16/Aoi Blink (Japan) [08A09B9A].zip": {"hash": "2203f4e4d71b145970245c131f9c2571", "size": 1130, "tags": [11, 28, 201], "zip_id": "cheats_folder_tgfx16"}, "Cheats/TGFX16/Appare! Gateball (Japan) [2B54CBA2].zip": {"hash": "258fe914989f3fd16bdb482ef6223cda", "size": 243, "tags": [11, 28, 201], "zip_id": "cheats_folder_tgfx16"}, "Cheats/TGFX16/Armed F (Japan) [20EF87FD].zip": {"hash": "7ab00283365b669a2ada29336ed288c3", "size": 799, "tags": [11, 28, 201], "zip_id": "cheats_folder_tgfx16"}, "Cheats/TGFX16/Atomic Robo-Kid Special (Japan) [DD175EFD].zip": {"hash": "d162597bf8e7e3a1947b1c4b3b823b89", "size": 806, "tags": [11, 28, 201], "zip_id": "cheats_folder_tgfx16"}, "Cheats/TGFX16/Ballistix (USA) [420FA189].zip": {"hash": "43879d79b098f6ff8fab832d63634355", "size": 236, "tags": [11, 28, 201], "zip_id": "cheats_folder_tgfx16"}, "Cheats/TGFX16/Bari Bari Densetsu (Japan) [C267E25D].zip": {"hash": "7952bc730b5b7899dd5efc5720023c7c", "size": 540, "tags": [11, 28, 201], "zip_id": "cheats_folder_tgfx16"}, "Cheats/TGFX16/Barunba (Japan) [4A3DF3CA].zip": {"hash": "039bca7b1c48a71fa752427d8c0e9572", "size": 550, "tags": [11, 28, 201], "zip_id": "cheats_folder_tgfx16"}, "Cheats/TGFX16/Batman (Japan) [106BB7B2].zip": {"hash": "5c0745838dde73f40a00667a1bb2dd53", "size": 3007, "tags": [11, 28, 201], "zip_id": "cheats_folder_tgfx16"}, "Cheats/TGFX16/Battle Lode Runner (Japan) [59E44F45].zip": {"hash": "9ea2d9fe6828e7e982da669bca4f8150", "size": 406, "tags": [11, 28, 201], "zip_id": "cheats_folder_tgfx16"}, "Cheats/TGFX16/Battle Royale (USA) [E70B01AF].zip": {"hash": "731809418881fa77350362fba6ec944e", "size": 238, "tags": [11, 28, 201], "zip_id": "cheats_folder_tgfx16"}, "Cheats/TGFX16/Be Ball (Japan) [E439F299].zip": {"hash": "b24cac38cfb61d9a8e65089a3aba95cd", "size": 381, "tags": [11, 28, 201], "zip_id": "cheats_folder_tgfx16"}, "Cheats/TGFX16/Be Ball (Tai Sang Version) (J) [968770F6].zip": {"hash": "b24cac38cfb61d9a8e65089a3aba95cd", "size": 381, "tags": [11, 28, 201], "zip_id": "cheats_folder_tgfx16"}, "Cheats/TGFX16/Benkei Gaiden (Japan) (Alt 1) [E1A73797].zip": {"hash": "b5827ed2a5ac5e9b62cb002586524895", "size": 537, "tags": [11, 28, 201], "zip_id": "cheats_folder_tgfx16"}, "Cheats/TGFX16/Benkei Gaiden (Japan) [C9626A43].zip": {"hash": "281e314953c6727cd987815039cb1fe4", "size": 393, "tags": [11, 28, 201], "zip_id": "cheats_folder_tgfx16"}, "Cheats/TGFX16/Bikkuriman World (Japan) [2841FD1E].zip": {"hash": "cdb3441ca203e6e5f3ad2006e80a4db3", "size": 1780, "tags": [11, 28, 201], "zip_id": "cheats_folder_tgfx16"}, "Cheats/TGFX16/Blazing Lazers (USA) [B4A1B0F6].zip": {"hash": "69a8a842a6be8400e0d87670c81d5ec2", "size": 673, "tags": [11, 28, 201], "zip_id": "cheats_folder_tgfx16"}, "Cheats/TGFX16/Blodia (Japan) [958BCD09].zip": {"hash": "c036a7bcf7a773c4594962b81f34a596", "size": 454, "tags": [11, 28, 201], "zip_id": "cheats_folder_tgfx16"}, "Cheats/TGFX16/Bloody Wolf (USA) [37BAF6BC].zip": {"hash": "a2de2633a138071cd79db31d07923a33", "size": 2016, "tags": [11, 28, 201], "zip_id": "cheats_folder_tgfx16"}, "Cheats/TGFX16/Bodycon Quest II (Japan) (Unl) [FFD92458].zip": {"hash": "d4d6c359f2339092911c695be24fa04d", "size": 683, "tags": [11, 28, 201], "zip_id": "cheats_folder_tgfx16"}, "Cheats/TGFX16/Bomberman '93 (USA) [56171C1C].zip": {"hash": "f7ba4db611b6984f0127503d98a4cf30", "size": 3309, "tags": [11, 28, 201], "zip_id": "cheats_folder_tgfx16"}, "Cheats/TGFX16/Bomberman '93 - Special Version (Japan) [02309AA0].zip": {"hash": "2894777c33760f970dac40f9cad72a9a", "size": 376, "tags": [11, 28, 201], "zip_id": "cheats_folder_tgfx16"}, "Cheats/TGFX16/Bomberman '94 (Japan) [05362516].zip": {"hash": "3283a1dae058d8c34c9a7f53d6084707", "size": 833, "tags": [11, 28, 201], "zip_id": "cheats_folder_tgfx16"}, "Cheats/TGFX16/Bomberman (USA) [5F6F3C2A].zip": {"hash": "92d09cb8d602f305de49895b7dcdec08", "size": 1481, "tags": [11, 28, 201], "zip_id": "cheats_folder_tgfx16"}, "Cheats/TGFX16/Bomberman - Users Battle (Japan) [1489FA51].zip": {"hash": "ce9888c47255e325e98baf4d0f5eb880", "size": 241, "tags": [11, 28, 201], "zip_id": "cheats_folder_tgfx16"}, "Cheats/TGFX16/Bonk 3 - Bonk's Big Adventure (USA) [5A3F76D8].zip": {"hash": "a849ad184d849fbfa75210faa6f1f3e9", "size": 2915, "tags": [11, 28, 201], "zip_id": "cheats_folder_tgfx16"}, "Cheats/TGFX16/Bonk's Adventure (USA) [599EAD9B].zip": {"hash": "0a9c12556c8733434503d238e8d01b02", "size": 2588, "tags": [11, 28, 201], "zip_id": "cheats_folder_tgfx16"}, "Cheats/TGFX16/Bonk's Revenge (USA) [14250F9A].zip": {"hash": "2c2eda228b114ccb9a5a0f1261e45987", "size": 2142, "tags": [11, 28, 201], "zip_id": "cheats_folder_tgfx16"}, "Cheats/TGFX16/Bouken Danshaku Don - The Lost Sunheart (Japan) [8F4D9F94].zip": {"hash": "d2b3e2a3bc68f6c9fb72b73a5f4c5a28", "size": 670, "tags": [11, 28, 201], "zip_id": "cheats_folder_tgfx16"}, "Cheats/TGFX16/Boxyboy (USA) [605BE213].zip": {"hash": "6ad97c59a84e10fdca0b54d1537a09e6", "size": 389, "tags": [11, 28, 201], "zip_id": "cheats_folder_tgfx16"}, "Cheats/TGFX16/Bravoman (USA) [CCA08B02].zip": {"hash": "0073ba908df300937d5d7a0685c39086", "size": 373, "tags": [11, 28, 201], "zip_id": "cheats_folder_tgfx16"}, "Cheats/TGFX16/Bull Fight - Ring no Hasha (Japan) [5C4D1991].zip": {"hash": "f832f1e73c68e735d03877e86aff525a", "size": 1754, "tags": [11, 28, 201], "zip_id": "cheats_folder_tgfx16"}, "Cheats/TGFX16/Burning Angels (Japan) [D233C05A].zip": {"hash": "3eda6fc5ef64d6d5d5d9a949ee47f4d2", "size": 691, "tags": [11, 28, 201], "zip_id": "cheats_folder_tgfx16"}, "Cheats/TGFX16/Busou Keiji - Cyber Cross (Japan) [D0C250CA].zip": {"hash": "4fbbdf8c62038880027b5c6ca61f77d5", "size": 369, "tags": [11, 28, 201], "zip_id": "cheats_folder_tgfx16"}, "Cheats/TGFX16/Cadash (USA) [BB0B3AEF].zip": {"hash": "c6b21bc33896a237b737811ebb944347", "size": 2072, "tags": [11, 28, 201], "zip_id": "cheats_folder_tgfx16"}, "Cheats/TGFX16/Champion Wrestler (Japan) [9EDC0AEA].zip": {"hash": "d67b2756be3c6d581658315d07213301", "size": 399, "tags": [11, 28, 201], "zip_id": "cheats_folder_tgfx16"}, "Cheats/TGFX16/Champions Forever Boxing (USA) [15EE889A].zip": {"hash": "b51cfa3c9d15294aa0aa74c4fdc183ea", "size": 1467, "tags": [11, 28, 201], "zip_id": "cheats_folder_tgfx16"}, "Cheats/TGFX16/Chase H.Q. (USA) [9298254C].zip": {"hash": "170cd5a4619dcf4b095c6f61d0cad3d0", "size": 643, "tags": [11, 28, 201], "zip_id": "cheats_folder_tgfx16"}, "Cheats/TGFX16/Chew-Man-Fu (USA) [8CD13E9A].zip": {"hash": "c19a5f030557494683e02c9a49aefdc1", "size": 1230, "tags": [11, 28, 201], "zip_id": "cheats_folder_tgfx16"}, "Cheats/TGFX16/China Warrior (USA) [A2EE361D].zip": {"hash": "64b4a7862465d1292d11d98a218f600c", "size": 375, "tags": [11, 28, 201], "zip_id": "cheats_folder_tgfx16"}, "Cheats/TGFX16/Chouzetsurinjin Bravoman (Japan) [0DF57C90].zip": {"hash": "7bcd5e6beb5a6af9ff2a744bef67f6ab", "size": 526, "tags": [11, 28, 201], "zip_id": "cheats_folder_tgfx16"}, "Cheats/TGFX16/Circus Lido (Japan) [C3212C24].zip": {"hash": "8df75d5a0eb1d49b1aa4839b38b2b99c", "size": 741, "tags": [11, 28, 201], "zip_id": "cheats_folder_tgfx16"}, "Cheats/TGFX16/City Hunter (Japan) [F91B055F].zip": {"hash": "8d37101855904decb053e0983738384a", "size": 388, "tags": [11, 28, 201], "zip_id": "cheats_folder_tgfx16"}, "Cheats/TGFX16/Columns (Japan) [99F7A572].zip": {"hash": "bcae07fca69eb8796e90a100ab4229d9", "size": 457, "tags": [11, 28, 201], "zip_id": "cheats_folder_tgfx16"}, "Cheats/TGFX16/Coryoon - Child of Dragon (Japan) [B4D29E3B].zip": {"hash": "95eccfcf8af548f33c1d1805d9301d4c", "size": 511, "tags": [11, 28, 201], "zip_id": "cheats_folder_tgfx16"}, "Cheats/TGFX16/Cratermaze (USA) [9033E83A].zip": {"hash": "caed406c72c1f58310997117f86bd385", "size": 1262, "tags": [11, 28, 201], "zip_id": "cheats_folder_tgfx16"}, "Cheats/TGFX16/Cross Wiber - Cyber Combat Police (Japan) [2DF97BD0].zip": {"hash": "7c7fa56aeff9be669ccdd8412f08a781", "size": 373, "tags": [11, 28, 201], "zip_id": "cheats_folder_tgfx16"}, "Cheats/TGFX16/Cyber Core (USA) [4CFB6E3E].zip": {"hash": "7b4c72232ba780a5beeb62c4633340e4", "size": 377, "tags": [11, 28, 201], "zip_id": "cheats_folder_tgfx16"}, "Cheats/TGFX16/Cyber Dodge (Japan) [B5326B16].zip": {"hash": "587af248473790b1878849dd741040af", "size": 1459, "tags": [11, 28, 201], "zip_id": "cheats_folder_tgfx16"}, "Cheats/TGFX16/Cyber Knight (Japan) [A594FAC0].zip": {"hash": "3a46240584aa94dcec01732de8a2f301", "size": 255, "tags": [11, 28, 201], "zip_id": "cheats_folder_tgfx16"}, "Cheats/TGFX16/Daimakaimura (J) (SGX) [B486A8ED].zip": {"hash": "3fb5375c4d8821b756abdc5d007a6c05", "size": 1879, "tags": [11, 28, 201], "zip_id": "cheats_folder_tgfx16"}, "Cheats/TGFX16/Daisenpuu (Japan) [9107BCC8].zip": {"hash": "1bd2736af330bd374fa6cb3b8cdeb916", "size": 970, "tags": [11, 28, 201], "zip_id": "cheats_folder_tgfx16"}, "Cheats/TGFX16/Darius Alpha (Japan) (SG Enhanced) [B0BA689F].zip": {"hash": "6a1e67e1566705b550675492aeab9149", "size": 371, "tags": [11, 28, 201], "zip_id": "cheats_folder_tgfx16"}, "Cheats/TGFX16/Darius Plus (Japan) (SG Enhanced) [BEBFE042].zip": {"hash": "6aec1feccbc3a4b431bf5aee03c9c3a7", "size": 857, "tags": [11, 28, 201], "zip_id": "cheats_folder_tgfx16"}, "Cheats/TGFX16/Darkwing Duck (USA) [4AC97606].zip": {"hash": "5b35510efbeca1c1051f0d78d1bedc1e", "size": 519, "tags": [11, 28, 201], "zip_id": "cheats_folder_tgfx16"}, "Cheats/TGFX16/Dead Moon (USA) [F5D98B0B].zip": {"hash": "1a0566536b817bbadce75c93bae03026", "size": 971, "tags": [11, 28, 201], "zip_id": "cheats_folder_tgfx16"}, "Cheats/TGFX16/Dead Moon - Getsu Sekai no Akumu (Japan) [56739BC7].zip": {"hash": "ede9aa4f4bb54e083f38c2f78ae4f692", "size": 662, "tags": [11, 28, 201], "zip_id": "cheats_folder_tgfx16"}, "Cheats/TGFX16/Deep Blue (USA) [16B40B44].zip": {"hash": "342388038487a74bc091eb7af4070489", "size": 831, "tags": [11, 28, 201], "zip_id": "cheats_folder_tgfx16"}, "Cheats/TGFX16/Detana!! TwinBee (Japan) [5CF59D80].zip": {"hash": "20ba90c4b2754e791ba4c2227e977962", "size": 1713, "tags": [11, 28, 201], "zip_id": "cheats_folder_tgfx16"}, "Cheats/TGFX16/Devil Crash - Naxat Pinball (Japan) [4EC81A80].zip": {"hash": "3d3ac775dfb5a7e064a6fb66da31079e", "size": 243, "tags": [11, 28, 201], "zip_id": "cheats_folder_tgfx16"}, "Cheats/TGFX16/Devil's Crush (USA) [157B4492].zip": {"hash": "20274836c9c0851b787f68365011ba1f", "size": 667, "tags": [11, 28, 201], "zip_id": "cheats_folder_tgfx16"}, "Cheats/TGFX16/Die Hard (Japan) [1B5B1CB1].zip": {"hash": "02643e74d84ee8a92b88601b16f1c62b", "size": 1109, "tags": [11, 28, 201], "zip_id": "cheats_folder_tgfx16"}, "Cheats/TGFX16/Digital Champ (Japan) [17BA3032].zip": {"hash": "3653b4e9fa7315ae08ce30bfdeb2ba7d", "size": 1117, "tags": [11, 28, 201], "zip_id": "cheats_folder_tgfx16"}, "Cheats/TGFX16/Don Doko Don! (Japan) [F42AA73E].zip": {"hash": "0b7d17227b22cf6a514976ba886ea9e0", "size": 844, "tags": [11, 28, 201], "zip_id": "cheats_folder_tgfx16"}, "Cheats/TGFX16/Doraemon - Meikyuu Daisakusen (Japan) [DC760A07].zip": {"hash": "77a31771bd91704751c97330c3b718a3", "size": 647, "tags": [11, 28, 201], "zip_id": "cheats_folder_tgfx16"}, "Cheats/TGFX16/Doraemon - Nobita no Dorabian Night (Japan) [013A747F].zip": {"hash": "7096eb10096589f16d8293123ccf7a9a", "size": 658, "tags": [11, 28, 201], "zip_id": "cheats_folder_tgfx16"}, "Cheats/TGFX16/Double Dungeons (USA) [4A1A8C60].zip": {"hash": "bd1cee3b9263a1ce102e937ffd422145", "size": 1645, "tags": [11, 28, 201], "zip_id": "cheats_folder_tgfx16"}, "Cheats/TGFX16/Download (Japan) [85101C20].zip": {"hash": "32a419c4c509fbfafcbc7256768d81e0", "size": 1014, "tags": [11, 28, 201], "zip_id": "cheats_folder_tgfx16"}, "Cheats/TGFX16/Dragon Egg! (Japan) [442405D5].zip": {"hash": "c737ff56a8a5099c89bea8b9be9df72f", "size": 2331, "tags": [11, 28, 201], "zip_id": "cheats_folder_tgfx16"}, "Cheats/TGFX16/Dragon Saber - After Story of Dragon Spirit (Japan) [3219849C].zip": {"hash": "0b841b3fedd3e1c40188cfb48b171550", "size": 671, "tags": [11, 28, 201], "zip_id": "cheats_folder_tgfx16"}, "Cheats/TGFX16/Dragon Spirit (USA) [086F148C].zip": {"hash": "a6601bd8a4f6ceea05369fa934a5a7ec", "size": 677, "tags": [11, 28, 201], "zip_id": "cheats_folder_tgfx16"}, "Cheats/TGFX16/Dragon's Curse (USA) [7D2C4B09].zip": {"hash": "9469978dbe7cdf178ed53ccd3aa15fef", "size": 5767, "tags": [11, 28, 201], "zip_id": "cheats_folder_tgfx16"}, "Cheats/TGFX16/Drop Off (USA) [FEA27B32].zip": {"hash": "1795c3bb5d51a2ee544cd15e5fd5936d", "size": 1343, "tags": [11, 28, 201], "zip_id": "cheats_folder_tgfx16"}, "Cheats/TGFX16/Drop Rock Hora Hora (Japan) (Alt 1) [8E81FCAC].zip": {"hash": "fc45b4159cdd75bdcfb1d0721559f85e", "size": 379, "tags": [11, 28, 201], "zip_id": "cheats_folder_tgfx16"}, "Cheats/TGFX16/Drop Rock Hora Hora (Japan) [67EC5EC4].zip": {"hash": "427dcf03f682919251b3e70fa0983f3e", "size": 379, "tags": [11, 28, 201], "zip_id": "cheats_folder_tgfx16"}, "Cheats/TGFX16/Dungeon Explorer (USA) [4FF01515].zip": {"hash": "029ea34f3507c5d22bd73d41c48601d3", "size": 425, "tags": [11, 28, 201], "zip_id": "cheats_folder_tgfx16"}, "Cheats/TGFX16/Dungeons & Dragons - Order of the Griffon (USA) [FAE0FC60].zip": {"hash": "7c45f9e53e6a1032a1cbc99c2526f1ed", "size": 245, "tags": [11, 28, 201], "zip_id": "cheats_folder_tgfx16"}, "Cheats/TGFX16/Energy (Japan) [CA68FF21].zip": {"hash": "961b8e1d3efd94a9973538e698ef1971", "size": 245, "tags": [11, 28, 201], "zip_id": "cheats_folder_tgfx16"}, "Cheats/TGFX16/Eternal City - Toshi Tensou Keikaku (Japan) [B18D102D].zip": {"hash": "cbe0721473a8539df5cdd2664697df98", "size": 954, "tags": [11, 28, 201], "zip_id": "cheats_folder_tgfx16"}, "Cheats/TGFX16/F-1 Dream (Japan) [D50FF730].zip": {"hash": "131172965d893024b2eb567f8992e009", "size": 507, "tags": [11, 28, 201], "zip_id": "cheats_folder_tgfx16"}, "Cheats/TGFX16/F1 Triple Battle (Japan) [13BF0409].zip": {"hash": "a2eb9c88824717e7198d3be9952c17af", "size": 375, "tags": [11, 28, 201], "zip_id": "cheats_folder_tgfx16"}, "Cheats/TGFX16/Fantasy Zone (USA) [E8C3573D].zip": {"hash": "a1c5d90a547688ad454b5bfef1fdb689", "size": 1502, "tags": [11, 28, 201], "zip_id": "cheats_folder_tgfx16"}, "Cheats/TGFX16/Fighting Run (Japan) [1828D2E5].zip": {"hash": "723f1a4f09695526bc00dd57f4fcd958", "size": 543, "tags": [11, 28, 201], "zip_id": "cheats_folder_tgfx16"}, "Cheats/TGFX16/Final Blaster (Japan) [C90971BA].zip": {"hash": "6a6bed27d60e31f35962ae410b174725", "size": 528, "tags": [11, 28, 201], "zip_id": "cheats_folder_tgfx16"}, "Cheats/TGFX16/Final Lap Twin (USA) [26408EA3].zip": {"hash": "5b380eb02f1b2471035af6bdffd8beb1", "size": 588, "tags": [11, 28, 201], "zip_id": "cheats_folder_tgfx16"}, "Cheats/TGFX16/Final Soldier (Japan) (En) [AF2DD2AF].zip": {"hash": "4d8c16d24d047a7665bec7437e493143", "size": 684, "tags": [11, 28, 201], "zip_id": "cheats_folder_tgfx16"}, "Cheats/TGFX16/Final Soldier - Special Version (Japan) (En) [02A578C5].zip": {"hash": "edc1fa832d1b0819252773c0d87fb6ec", "size": 501, "tags": [11, 28, 201], "zip_id": "cheats_folder_tgfx16"}, "Cheats/TGFX16/Fire Pro Wrestling - Combination Tag (Japan) [90ED6575].zip": {"hash": "c2b821258ceff2b0da8f8e46d0b834d7", "size": 238, "tags": [11, 28, 201], "zip_id": "cheats_folder_tgfx16"}, "Cheats/TGFX16/Fire Pro Wrestling 2 - 2nd Bout (Japan) [E88987BB].zip": {"hash": "8e76e108f6b92a59ed9082edcb6ef7d3", "size": 1017, "tags": [11, 28, 201], "zip_id": "cheats_folder_tgfx16"}, "Cheats/TGFX16/Fushigi no Yume no Alice (Japan) [12C4E6FD].zip": {"hash": "56cbbb185bfa9216014ac339a44a9c2b", "size": 1311, "tags": [11, 28, 201], "zip_id": "cheats_folder_tgfx16"}, "Cheats/TGFX16/Galaga '88 (Japan) [1A8393C6].zip": {"hash": "3f52c26c7dd4bae45a5c773012bd5c51", "size": 798, "tags": [11, 28, 201], "zip_id": "cheats_folder_tgfx16"}, "Cheats/TGFX16/Galaga '90 (USA) [2909DEC6].zip": {"hash": "50c86a93ae17141720644d05ae79f934", "size": 552, "tags": [11, 28, 201], "zip_id": "cheats_folder_tgfx16"}, "Cheats/TGFX16/Gekisha Boy (Japan) [E8702D51].zip": {"hash": "cf838471700e92bd9e53fd7c2b2ffe29", "size": 241, "tags": [11, 28, 201], "zip_id": "cheats_folder_tgfx16"}, "Cheats/TGFX16/Genji Tsuushin Agedama (Japan) [AD450DFC].zip": {"hash": "03bdd3a33f7ddec7f46d639e6b2dcfb8", "size": 378, "tags": [11, 28, 201], "zip_id": "cheats_folder_tgfx16"}, "Cheats/TGFX16/Genpei Toumaden (Japan) [B926C682].zip": {"hash": "538a78b03f1288534abcb537168dd943", "size": 373, "tags": [11, 28, 201], "zip_id": "cheats_folder_tgfx16"}, "Cheats/TGFX16/Genpei Toumaden - Kan no Ni (Japan) [8793758C].zip": {"hash": "b61fbb756e99aae14e278f33d4575822", "size": 237, "tags": [11, 28, 201], "zip_id": "cheats_folder_tgfx16"}, "Cheats/TGFX16/Ghost Manor (USA) [2DB4C1FD].zip": {"hash": "8b77d21ae075dec0ba29251c99a2ed4a", "size": 662, "tags": [11, 28, 201], "zip_id": "cheats_folder_tgfx16"}, "Cheats/TGFX16/Gokuraku! Chuuka Taisen (Japan) [E749A22C].zip": {"hash": "a4f3aae68a95871994b2a1e9edffa6eb", "size": 1229, "tags": [11, 28, 201], "zip_id": "cheats_folder_tgfx16"}, "Cheats/TGFX16/Gomola Speed (Japan) [4BD38F17].zip": {"hash": "c4ff74f900b54bd5bdebca358990beed", "size": 850, "tags": [11, 28, 201], "zip_id": "cheats_folder_tgfx16"}, "Cheats/TGFX16/Gradius (Japan) [0517DA65].zip": {"hash": "1f574eae99c38e7adfc3ec86beb23206", "size": 1000, "tags": [11, 28, 201], "zip_id": "cheats_folder_tgfx16"}, "Cheats/TGFX16/Gunhed (Japan) [A17D4D7E].zip": {"hash": "46c2c24f3ec02eb27dc905b01f5ce896", "size": 550, "tags": [11, 28, 201], "zip_id": "cheats_folder_tgfx16"}, "Cheats/TGFX16/Gunhed - Special Version (Japan) [57F183AE].zip": {"hash": "4cb667e0d30c048a7d77671e4b274b93", "size": 509, "tags": [11, 28, 201], "zip_id": "cheats_folder_tgfx16"}, "Cheats/TGFX16/Hana Taaka Daka! (Japan) [BA4D0DD4].zip": {"hash": "32dada15e32b0381ca9bdb805f9f326e", "size": 660, "tags": [11, 28, 201], "zip_id": "cheats_folder_tgfx16"}, "Cheats/TGFX16/Hanii in the Sky (Japan) [BF3E2CC7].zip": {"hash": "a8903bee6048162d9f84e13278d49c4c", "size": 583, "tags": [11, 28, 201], "zip_id": "cheats_folder_tgfx16"}, "Cheats/TGFX16/Hanii on the Road (Japan) [9897FA86].zip": {"hash": "d1c3f4cb2781e0dc1d82b18ecae19fce", "size": 367, "tags": [11, 28, 201], "zip_id": "cheats_folder_tgfx16"}, "Cheats/TGFX16/Heavy Unit (Japan) [EB923DE5].zip": {"hash": "114baa4c0f687258a098122088fb0e48", "size": 368, "tags": [11, 28, 201], "zip_id": "cheats_folder_tgfx16"}, "Cheats/TGFX16/Hit the Ice - VHL - The Official Video Hockey League (USA) [8B29C3AA].zip": {"hash": "4342358e4fe97845d08691631055f5f0", "size": 236, "tags": [11, 28, 201], "zip_id": "cheats_folder_tgfx16"}, "Cheats/TGFX16/Idol Hanafuda Fan Club (Japan) (Unl) [9EC6FC6C].zip": {"hash": "a8e7053cfc1734ee5c8c3d5473bd19fa", "size": 581, "tags": [11, 28, 201], "zip_id": "cheats_folder_tgfx16"}, "Cheats/TGFX16/Image Fight (Japan) [A80C565F].zip": {"hash": "b87d2fc718e268343ffd9dcf7ac236a5", "size": 375, "tags": [11, 28, 201], "zip_id": "cheats_folder_tgfx16"}, "Cheats/TGFX16/Impossamole (USA) [E2470F5F].zip": {"hash": "14c9d3f241b23c40fa7216da59451796", "size": 789, "tags": [11, 28, 201], "zip_id": "cheats_folder_tgfx16"}, "Cheats/TGFX16/J.J. & Jeff (USA) [E01C5127].zip": {"hash": "64d9ebe02a74813149c57be751425245", "size": 815, "tags": [11, 28, 201], "zip_id": "cheats_folder_tgfx16"}, "Cheats/TGFX16/J.League Greatest Eleven (Japan) [0AD97B04].zip": {"hash": "c0d86515b219fe64b63c2df7fb0fc4c1", "size": 384, "tags": [11, 28, 201], "zip_id": "cheats_folder_tgfx16"}, "Cheats/TGFX16/Jack Nicklaus - Championship Golf (Japan) [EA751E82].zip": {"hash": "98bfab34ed93a9e8d3a11a1d42a98010", "size": 249, "tags": [11, 28, 201], "zip_id": "cheats_folder_tgfx16"}, "Cheats/TGFX16/Jack Nicklaus' Turbo Golf (USA) [83384572].zip": {"hash": "98bfab34ed93a9e8d3a11a1d42a98010", "size": 249, "tags": [11, 28, 201], "zip_id": "cheats_folder_tgfx16"}, "Cheats/TGFX16/Jackie Chan's Action Kung Fu (USA) [9D2F6193].zip": {"hash": "90ce38f30b68ced9a978ab815a585984", "size": 1411, "tags": [11, 28, 201], "zip_id": "cheats_folder_tgfx16"}, "Cheats/TGFX16/Jaseiken Necromancer (Japan) [53109AE6].zip": {"hash": "0285858c1e9a9ebe240a1c7abaea69f5", "size": 1650, "tags": [11, 28, 201], "zip_id": "cheats_folder_tgfx16"}, "Cheats/TGFX16/Jigoku Meguri (Japan) [CC7D3EEB].zip": {"hash": "f8c9e4c60ec55dc13c2291b1135c4efa", "size": 689, "tags": [11, 28, 201], "zip_id": "cheats_folder_tgfx16"}, "Cheats/TGFX16/Jinmu Denshou (Japan) [C150637A].zip": {"hash": "bb7d798ed421349d9a50c8f05da73b90", "size": 373, "tags": [11, 28, 201], "zip_id": "cheats_folder_tgfx16"}, "Cheats/TGFX16/Juuouki (Japan) [C8C7D63E].zip": {"hash": "99cec7b52875962781761cb010459976", "size": 847, "tags": [11, 28, 201], "zip_id": "cheats_folder_tgfx16"}, "Cheats/TGFX16/Kaizou Choujin Shubibinman (Japan) [A9084D6E].zip": {"hash": "253c2f58b1f503742935746e42417f25", "size": 394, "tags": [11, 28, 201], "zip_id": "cheats_folder_tgfx16"}, "Cheats/TGFX16/Kaizou Choujin Shubibinman 2 - Aratanaru Teki (Japan) [109BA474].zip": {"hash": "705e90086d98447c80b20ec2c87fd80a", "size": 656, "tags": [11, 28, 201], "zip_id": "cheats_folder_tgfx16"}, "Cheats/TGFX16/Kato-chan Ken-chan (Japan) [6069C5E7].zip": {"hash": "0bce326ff776af143581913ef4f5026f", "size": 559, "tags": [11, 28, 201], "zip_id": "cheats_folder_tgfx16"}, "Cheats/TGFX16/Kattobi! Takuhai-kun (Japan) [4F2844B0].zip": {"hash": "380cd21a2c615e5ccd385aa7c91ddc29", "size": 499, "tags": [11, 28, 201], "zip_id": "cheats_folder_tgfx16"}, "Cheats/TGFX16/Keith Courage in Alpha Zones (USA) [474D7A72].zip": {"hash": "81c0ab329f60f933628a22aae8575d22", "size": 1376, "tags": [11, 28, 201], "zip_id": "cheats_folder_tgfx16"}, "Cheats/TGFX16/KickBall (Japan) [7E3C367B].zip": {"hash": "8c628dace276cc880f4e29b9564c1242", "size": 632, "tags": [11, 28, 201], "zip_id": "cheats_folder_tgfx16"}, "Cheats/TGFX16/Kiki Kaikai (Japan) [C0CB5ADD].zip": {"hash": "8b01ea7c2b7950799541226a11d57b47", "size": 522, "tags": [11, 28, 201], "zip_id": "cheats_folder_tgfx16"}, "Cheats/TGFX16/King of Casino (USA) [2F2E2240].zip": {"hash": "db399da349d06238520c95579151fc8d", "size": 279, "tags": [11, 28, 201], "zip_id": "cheats_folder_tgfx16"}, "Cheats/TGFX16/Klax (USA) [0F1B59B4].zip": {"hash": "8450d9fe194cab25e85883283d15c419", "size": 398, "tags": [11, 28, 201], "zip_id": "cheats_folder_tgfx16"}, "Cheats/TGFX16/Knight Rider Special (Japan) [C614116C].zip": {"hash": "6533fd5a69e1d542a465e3d4628ca81a", "size": 682, "tags": [11, 28, 201], "zip_id": "cheats_folder_tgfx16"}, "Cheats/TGFX16/Kung Fu, The (Japan) [B552C906].zip": {"hash": "e25f9ac35c8abf1e62fa77a33f23fc0d", "size": 375, "tags": [11, 28, 201], "zip_id": "cheats_folder_tgfx16"}, "Cheats/TGFX16/Kyuukyoku Tiger (Japan) [09509315].zip": {"hash": "c6c35ec7088921eb418e04ef8860011f", "size": 527, "tags": [11, 28, 201], "zip_id": "cheats_folder_tgfx16"}, "Cheats/TGFX16/Lady Sword - Ryakudatsu Sareta 10-nin no Otome (Japan) (Unl) [C6F764EC].zip": {"hash": "cf0715c92efe92138e7256a19585ab1a", "size": 1068, "tags": [11, 28, 201], "zip_id": "cheats_folder_tgfx16"}, "Cheats/TGFX16/Legend of Hero Tonma (U) [0258ACCB].zip": {"hash": "9c16c89d7c55f89028b2e71786083b4a", "size": 371, "tags": [11, 28, 201], "zip_id": "cheats_folder_tgfx16"}, "Cheats/TGFX16/Legend of Hero Tonma (USA) [3C131486].zip": {"hash": "c1e59616fffecaeb515abc5978173903", "size": 1987, "tags": [11, 28, 201], "zip_id": "cheats_folder_tgfx16"}, "Cheats/TGFX16/Legendary Axe II (USA) [220EBF91].zip": {"hash": "e8b50dd6d905a1ee915e22721f832b8f", "size": 1971, "tags": [11, 28, 201], "zip_id": "cheats_folder_tgfx16"}, "Cheats/TGFX16/Legendary Axe, The (USA) [2D211007].zip": {"hash": "0a51185f88f5187ec8712c8979c3f780", "size": 1564, "tags": [11, 28, 201], "zip_id": "cheats_folder_tgfx16"}, "Cheats/TGFX16/Lode Runner - Lost Labyrinth (Japan) [E6EE1468].zip": {"hash": "23e7efe8ffe8a91706ff24f70c5011b0", "size": 648, "tags": [11, 28, 201], "zip_id": "cheats_folder_tgfx16"}, "Cheats/TGFX16/Madouou Granzort (J) (SGX) [1F041166].zip": {"hash": "7c745587b2b16368e55f0a2eff4a235b", "size": 997, "tags": [11, 28, 201], "zip_id": "cheats_folder_tgfx16"}, "Cheats/TGFX16/Maerchen Maze (Japan) [A15A1F37].zip": {"hash": "3023bc8591d438cc15d20bb77c1ef89f", "size": 1722, "tags": [11, 28, 201], "zip_id": "cheats_folder_tgfx16"}, "Cheats/TGFX16/Magical Chase (Japan) [DD0EBF8C].zip": {"hash": "e2f0618acb6faa8adae474e3c14c7b74", "size": 793, "tags": [11, 28, 201], "zip_id": "cheats_folder_tgfx16"}, "Cheats/TGFX16/Magical Chase (USA) [95CD2979].zip": {"hash": "44a01b751608feb395f8d15e2ec76276", "size": 1395, "tags": [11, 28, 201], "zip_id": "cheats_folder_tgfx16"}, "Cheats/TGFX16/Makai Prince Dorabocchan (Japan) [B101B333].zip": {"hash": "907db850ae5990d0f26a00ce501945cd", "size": 1614, "tags": [11, 28, 201], "zip_id": "cheats_folder_tgfx16"}, "Cheats/TGFX16/Maniac Pro Wres - Asu e no Tatakai (Japan) [99F2865C].zip": {"hash": "fac91dc7e1f22f0f80af20621c2ab1d4", "size": 1096, "tags": [11, 28, 201], "zip_id": "cheats_folder_tgfx16"}, "Cheats/TGFX16/Mesopotamia (Japan) [E87190F1].zip": {"hash": "7ebeb744b22eb906450629eb81480a7b", "size": 505, "tags": [11, 28, 201], "zip_id": "cheats_folder_tgfx16"}, "Cheats/TGFX16/Metal Stoker (Japan) [25A02BEE].zip": {"hash": "f190363732cc5a9afd7b2eda5c905673", "size": 375, "tags": [11, 28, 201], "zip_id": "cheats_folder_tgfx16"}, "Cheats/TGFX16/Military Madness (USA) [93F316F7].zip": {"hash": "0296f21cc9ad5d64027eeb2c6b24f67b", "size": 248, "tags": [11, 28, 201], "zip_id": "cheats_folder_tgfx16"}, "Cheats/TGFX16/Mizubaku Daibouken (Japan) [B2EF558D].zip": {"hash": "04547d4a7f9f606631fd66c38c131bdf", "size": 799, "tags": [11, 28, 201], "zip_id": "cheats_folder_tgfx16"}, "Cheats/TGFX16/Momotarou Densetsu Gaiden - Dai-1-shuu (Japan) [F860455C].zip": {"hash": "af8a547079106082fa404b4dea9d227c", "size": 386, "tags": [11, 28, 201], "zip_id": "cheats_folder_tgfx16"}, "Cheats/TGFX16/Momotarou Densetsu II (Japan) [D9E1549A].zip": {"hash": "8ca98e8c23ff6c70051f1115999fca34", "size": 390, "tags": [11, 28, 201], "zip_id": "cheats_folder_tgfx16"}, "Cheats/TGFX16/Momotarou Densetsu Turbo (Japan) [625221A6].zip": {"hash": "2fe0888acdbc4350faa58765847dd51c", "size": 546, "tags": [11, 28, 201], "zip_id": "cheats_folder_tgfx16"}, "Cheats/TGFX16/Momotarou Katsugeki (Japan) [345F43E9].zip": {"hash": "7c6bbc791663b5b1baad62e9e50c4670", "size": 1373, "tags": [11, 28, 201], "zip_id": "cheats_folder_tgfx16"}, "Cheats/TGFX16/Monster Pro Wres (Japan) [F2E46D25].zip": {"hash": "2fd6c158cb443f1089a0ac6c839b3b11", "size": 1535, "tags": [11, 28, 201], "zip_id": "cheats_folder_tgfx16"}, "Cheats/TGFX16/Moto Roader (USA) [E2B0D544].zip": {"hash": "7974f54efeb9cf95e9f0a2ef8f906600", "size": 395, "tags": [11, 28, 201], "zip_id": "cheats_folder_tgfx16"}, "Cheats/TGFX16/Moto Roader II (Japan) [0B7F6E5F].zip": {"hash": "b679d257912e4450d7b627f33d7b8a5d", "size": 543, "tags": [11, 28, 201], "zip_id": "cheats_folder_tgfx16"}, "Cheats/TGFX16/Mr. Heli no Daibouken (Japan) [2CB92290].zip": {"hash": "13acc55ddc8b3c5ad779a1c6c55d5dff", "size": 684, "tags": [11, 28, 201], "zip_id": "cheats_folder_tgfx16"}, "Cheats/TGFX16/Naxat Open (Japan) [60ECAE22].zip": {"hash": "db5c4ffef37639e3100c3d7b67a06e2c", "size": 249, "tags": [11, 28, 201], "zip_id": "cheats_folder_tgfx16"}, "Cheats/TGFX16/Naxat Stadium (Japan) [20A7D128].zip": {"hash": "c82dde717464d8ae5b1b8663b793331d", "size": 668, "tags": [11, 28, 201], "zip_id": "cheats_folder_tgfx16"}, "Cheats/TGFX16/Naxat Stadium (Tai Sang Version) (J) [FBA3A1A4].zip": {"hash": "c82dde717464d8ae5b1b8663b793331d", "size": 668, "tags": [11, 28, 201], "zip_id": "cheats_folder_tgfx16"}, "Cheats/TGFX16/Necros no Yousai (Japan) [FB0FDCFE].zip": {"hash": "badfd6c58057e748f71cbf4a54bc93fe", "size": 950, "tags": [11, 28, 201], "zip_id": "cheats_folder_tgfx16"}, "Cheats/TGFX16/Nekketsu Koukou Dodgeball-bu - PC Bangai Hen (Japan) [65FDB863].zip": {"hash": "f376c20f2e1ec7f6260ea0acabc98063", "size": 253, "tags": [11, 28, 201], "zip_id": "cheats_folder_tgfx16"}, "Cheats/TGFX16/Nekketsu Koukou Dodgeball-bu - PC Soccer Hen (Japan) [F2285C6D].zip": {"hash": "844c4eed23fdda7a0f766f68fbecb3ea", "size": 236, "tags": [11, 28, 201], "zip_id": "cheats_folder_tgfx16"}, "Cheats/TGFX16/Neutopia (USA) [A9A94E1B].zip": {"hash": "44280ad03be924b869532a1017a1ff40", "size": 2976, "tags": [11, 28, 201], "zip_id": "cheats_folder_tgfx16"}, "Cheats/TGFX16/Neutopia II (USA) [C4ED4307].zip": {"hash": "7b1040ec5e482cb6799bef20c33ec712", "size": 4800, "tags": [11, 28, 201], "zip_id": "cheats_folder_tgfx16"}, "Cheats/TGFX16/New Adventure Island (USA) [756A1802].zip": {"hash": "9d808ae3a9c6602d1050080e73cf764d", "size": 1640, "tags": [11, 28, 201], "zip_id": "cheats_folder_tgfx16"}, "Cheats/TGFX16/NewZealand Story, The (Japan) [8E4D75A8].zip": {"hash": "f45121d448409be2cf56d0a3aaa253e0", "size": 547, "tags": [11, 28, 201], "zip_id": "cheats_folder_tgfx16"}, "Cheats/TGFX16/Night Creatures (USA) [C159761B].zip": {"hash": "3104386d1ed1d28f3a1f579133bbb68a", "size": 2302, "tags": [11, 28, 201], "zip_id": "cheats_folder_tgfx16"}, "Cheats/TGFX16/Niko Niko Pun (Japan) [82DEF9EE].zip": {"hash": "04ee97bb8f834050314f8238e91e1514", "size": 693, "tags": [11, 28, 201], "zip_id": "cheats_folder_tgfx16"}, "Cheats/TGFX16/Ninja Ryuukenden (Japan) (En,Ja,Zh) [67573BAC].zip": {"hash": "ae60021eda709f327e36e90e4903600d", "size": 1382, "tags": [11, 28, 201], "zip_id": "cheats_folder_tgfx16"}, "Cheats/TGFX16/Ninja Spirit (USA) [DE8AF1C1].zip": {"hash": "e5355f3121e0f7c0d81899660e26dff3", "size": 1111, "tags": [11, 28, 201], "zip_id": "cheats_folder_tgfx16"}, "Cheats/TGFX16/Ninja Warriors, The (Japan) [96E0CD9D].zip": {"hash": "ba995a5ec3a73f054c65fb993e4c893b", "size": 515, "tags": [11, 28, 201], "zip_id": "cheats_folder_tgfx16"}, "Cheats/TGFX16/Obocchama-kun (Japan) [4D3B0BC9].zip": {"hash": "8f7cbf462b8b32e42343e36bbf1660fd", "size": 858, "tags": [11, 28, 201], "zip_id": "cheats_folder_tgfx16"}, "Cheats/TGFX16/Operation Wolf (Japan) [FF898F87].zip": {"hash": "26d4fb877a68eec0c00f2a7992198c4f", "size": 675, "tags": [11, 28, 201], "zip_id": "cheats_folder_tgfx16"}, "Cheats/TGFX16/Ordyne (Japan) [8C565CB6].zip": {"hash": "a7b4ada747e41f1341ee038c5bbe10d3", "size": 249, "tags": [11, 28, 201], "zip_id": "cheats_folder_tgfx16"}, "Cheats/TGFX16/Ordyne (USA) [E7BF2A74].zip": {"hash": "f0bcda66d725afca699fdfb9077967e7", "size": 1859, "tags": [11, 28, 201], "zip_id": "cheats_folder_tgfx16"}, "Cheats/TGFX16/Out Live (Japan) [5CDB3F5B].zip": {"hash": "b87d5508207b11b0a69df8441ffffcfc", "size": 251, "tags": [11, 28, 201], "zip_id": "cheats_folder_tgfx16"}, "Cheats/TGFX16/Out Run (Japan) [E203F223].zip": {"hash": "c1f1c0815ef8dccf2cf7e94c9b5c6502", "size": 704, "tags": [11, 28, 201], "zip_id": "cheats_folder_tgfx16"}, "Cheats/TGFX16/Override (Japan) [B74EC562].zip": {"hash": "31bbf8484633b1417f27c64823f9d0ec", "size": 511, "tags": [11, 28, 201], "zip_id": "cheats_folder_tgfx16"}, "Cheats/TGFX16/P-47 - The Freedom Fighter (Japan) [7632DB90].zip": {"hash": "d567057700836888d0463794cc5fcff7", "size": 373, "tags": [11, 28, 201], "zip_id": "cheats_folder_tgfx16"}, "Cheats/TGFX16/PC Denjin - Punkic Cyborgs (Japan) [740491C2].zip": {"hash": "61ffab82c6714fbeb3b21912b6761cc4", "size": 510, "tags": [11, 28, 201], "zip_id": "cheats_folder_tgfx16"}, "Cheats/TGFX16/PC Genjin - Pithecanthropus Computerurus (Japan) [2CB5CD55].zip": {"hash": "996b4613052866a20623df610feb7e13", "size": 515, "tags": [11, 28, 201], "zip_id": "cheats_folder_tgfx16"}, "Cheats/TGFX16/PC Genjin 2 - Pithecanthropus Computerurus (Japan) [3028F7CA].zip": {"hash": "a371848331d117cfc18267904ea452c5", "size": 645, "tags": [11, 28, 201], "zip_id": "cheats_folder_tgfx16"}, "Cheats/TGFX16/PC Genjin 3 - Pithecanthropus Computerurus (Japan) [A170B60E].zip": {"hash": "3009ff9cdae6ba378761a1e2dfd97c68", "size": 717, "tags": [11, 28, 201], "zip_id": "cheats_folder_tgfx16"}, "Cheats/TGFX16/Pac-Land (USA) [D6E30CCD].zip": {"hash": "fe00acb72de43721592c59977393a5ae", "size": 843, "tags": [11, 28, 201], "zip_id": "cheats_folder_tgfx16"}, "Cheats/TGFX16/Paranoia (Japan) [9893E0E6].zip": {"hash": "06a10382997bffb687de2605b7627925", "size": 243, "tags": [11, 28, 201], "zip_id": "cheats_folder_tgfx16"}, "Cheats/TGFX16/Parasol Stars - The Story of Bubble Bobble III (USA) [E6458212].zip": {"hash": "bd32b4ec2167383ceb9503e4ad415e6f", "size": 1442, "tags": [11, 28, 201], "zip_id": "cheats_folder_tgfx16"}, "Cheats/TGFX16/Parodius Da! - Shinwa kara Owarai e (Japan) [647718F9].zip": {"hash": "547f41524ef6ae1265a778e425f1f353", "size": 524, "tags": [11, 28, 201], "zip_id": "cheats_folder_tgfx16"}, "Cheats/TGFX16/Power Eleven (Japan) [3E647D8B].zip": {"hash": "d4cd75769a84f64a9008af288ac4ed81", "size": 513, "tags": [11, 28, 201], "zip_id": "cheats_folder_tgfx16"}, "Cheats/TGFX16/Power Gate (Japan) [BE8B6E3B].zip": {"hash": "e3e6bd51ba47cb381970072fab884588", "size": 563, "tags": [11, 28, 201], "zip_id": "cheats_folder_tgfx16"}, "Cheats/TGFX16/Power League '93 (Japan) [7D3E6F33].zip": {"hash": "0ae3c247ee41f638b5487850c1ae3fea", "size": 786, "tags": [11, 28, 201], "zip_id": "cheats_folder_tgfx16"}, "Cheats/TGFX16/Power League (Japan) [69180984].zip": {"hash": "9a38165ec32ce91e38728d889833fefc", "size": 893, "tags": [11, 28, 201], "zip_id": "cheats_folder_tgfx16"}, "Cheats/TGFX16/Power League 4 (Japan) [30CC3563].zip": {"hash": "b7393e12afa04b3bdcfe10710295c72c", "size": 790, "tags": [11, 28, 201], "zip_id": "cheats_folder_tgfx16"}, "Cheats/TGFX16/Power League 5 (Japan) [8B61E029].zip": {"hash": "b7393e12afa04b3bdcfe10710295c72c", "size": 790, "tags": [11, 28, 201], "zip_id": "cheats_folder_tgfx16"}, "Cheats/TGFX16/Power League II (Japan) [C5FDFA89].zip": {"hash": "b7393e12afa04b3bdcfe10710295c72c", "size": 790, "tags": [11, 28, 201], "zip_id": "cheats_folder_tgfx16"}, "Cheats/TGFX16/Power League III (Japan) [8AA4B220].zip": {"hash": "b7393e12afa04b3bdcfe10710295c72c", "size": 790, "tags": [11, 28, 201], "zip_id": "cheats_folder_tgfx16"}, "Cheats/TGFX16/Pro Yakyuu World Stadium '91 (Japan) [66B167A9].zip": {"hash": "a60bf5d28932cb4d8523b984ed4204c4", "size": 785, "tags": [11, 28, 201], "zip_id": "cheats_folder_tgfx16"}, "Cheats/TGFX16/Pro Yakyuu World Stadium (Japan) [34E089A9].zip": {"hash": "a60bf5d28932cb4d8523b984ed4204c4", "size": 785, "tags": [11, 28, 201], "zip_id": "cheats_folder_tgfx16"}, "Cheats/TGFX16/Psycho Chaser (Japan) [03883EE8].zip": {"hash": "adfa7327909e0cd38a24f0a262d0c3e7", "size": 510, "tags": [11, 28, 201], "zip_id": "cheats_folder_tgfx16"}, "Cheats/TGFX16/Psychosis (USA) [6CC10824].zip": {"hash": "4d83d60c64a4b4a9b9011241960626aa", "size": 527, "tags": [11, 28, 201], "zip_id": "cheats_folder_tgfx16"}, "Cheats/TGFX16/Puzzle Boy (Japan) [FAA6E187].zip": {"hash": "83aa3bfb03faf96da9434c328bda75f2", "size": 272, "tags": [11, 28, 201], "zip_id": "cheats_folder_tgfx16"}, "Cheats/TGFX16/Puzznic (Japan) [965C95B3].zip": {"hash": "22b042d114e5066ce1a15e23623a631a", "size": 377, "tags": [11, 28, 201], "zip_id": "cheats_folder_tgfx16"}, "Cheats/TGFX16/Quiz Toukou Shashin (Japan) (Unl) [F2E6856D].zip": {"hash": "8388a3990cd323a267bd18a133e2bcbe", "size": 251, "tags": [11, 28, 201], "zip_id": "cheats_folder_tgfx16"}, "Cheats/TGFX16/R-Type (Tai Sang Version) (J) [45FC8CB9].zip": {"hash": "1de48c61373063f8fffc6f7d1b312945", "size": 545, "tags": [11, 28, 201], "zip_id": "cheats_folder_tgfx16"}, "Cheats/TGFX16/R-Type (USA) [91CE5156].zip": {"hash": "ebce77b86eab60aa5171f6d9cd31ec28", "size": 1619, "tags": [11, 28, 201], "zip_id": "cheats_folder_tgfx16"}, "Cheats/TGFX16/R-Type I (Japan) [CEC3D28A].zip": {"hash": "d202129b88241eb1103b0731e918d441", "size": 689, "tags": [11, 28, 201], "zip_id": "cheats_folder_tgfx16"}, "Cheats/TGFX16/R-Type II (Japan) [F207ECAE].zip": {"hash": "a91af14337fb608d7c1744899b7528df", "size": 1029, "tags": [11, 28, 201], "zip_id": "cheats_folder_tgfx16"}, "Cheats/TGFX16/R-Type Part-2 (Tai Sang Version) (J) [CE4FBEFE].zip": {"hash": "a3bb671ba2bf5d4c85334dc36b6a9d2f", "size": 545, "tags": [11, 28, 201], "zip_id": "cheats_folder_tgfx16"}, "Cheats/TGFX16/Rabio Lepus Special (Japan) [D8373DE6].zip": {"hash": "a9c7bd78bfe36800c0c130bbf958c96d", "size": 1139, "tags": [11, 28, 201], "zip_id": "cheats_folder_tgfx16"}, "Cheats/TGFX16/Racing Damashii (Japan) [3E79734C].zip": {"hash": "99e18b6db59dc6c66d6870999db8bef5", "size": 388, "tags": [11, 28, 201], "zip_id": "cheats_folder_tgfx16"}, "Cheats/TGFX16/Raiden (USA) [BC59C31E].zip": {"hash": "81258f1f3add01b5b30d076d60d339c4", "size": 1122, "tags": [11, 28, 201], "zip_id": "cheats_folder_tgfx16"}, "Cheats/TGFX16/Rastan Saga II (Japan) [00C38E69].zip": {"hash": "0625229134b8f850ce473779463b4186", "size": 520, "tags": [11, 28, 201], "zip_id": "cheats_folder_tgfx16"}, "Cheats/TGFX16/Rock-On (Japan) [2FD65312].zip": {"hash": "b4499eb81d23adf26e1b0fd4bbca09b2", "size": 654, "tags": [11, 28, 201], "zip_id": "cheats_folder_tgfx16"}, "Cheats/TGFX16/Salamander (Japan) [FAECCE20].zip": {"hash": "937ae1141de84abc0002045e974a6b10", "size": 1019, "tags": [11, 28, 201], "zip_id": "cheats_folder_tgfx16"}, "Cheats/TGFX16/Samurai-Ghost (USA) [77A924B7].zip": {"hash": "4fba6a53a64c813f308a7efb303dd024", "size": 400, "tags": [11, 28, 201], "zip_id": "cheats_folder_tgfx16"}, "Cheats/TGFX16/Shinobi (Japan) [BC655CF3].zip": {"hash": "80f089847083f5d6591c757a436042cc", "size": 1365, "tags": [11, 28, 201], "zip_id": "cheats_folder_tgfx16"}, "Cheats/TGFX16/Shiryou Sensen - War of the Dead (Japan) [469A0FDF].zip": {"hash": "f8dcd80175fbc2393250ce407fe47c1a", "size": 1322, "tags": [11, 28, 201], "zip_id": "cheats_folder_tgfx16"}, "Cheats/TGFX16/Shockman (USA) [2774462C].zip": {"hash": "7bd7ccf3f0ffdc1ff06341661564814c", "size": 1294, "tags": [11, 28, 201], "zip_id": "cheats_folder_tgfx16"}, "Cheats/TGFX16/SideArms (USA) [D1993C9F].zip": {"hash": "98d632ae82e63808cef22ceada41c2c5", "size": 657, "tags": [11, 28, 201], "zip_id": "cheats_folder_tgfx16"}, "Cheats/TGFX16/SideArms - Hyper Dyne (Japan) [E5E7B8B7].zip": {"hash": "98d632ae82e63808cef22ceada41c2c5", "size": 657, "tags": [11, 28, 201], "zip_id": "cheats_folder_tgfx16"}, "Cheats/TGFX16/Silent Debuggers (USA) [FA7E5D66].zip": {"hash": "b81b4bbbaf122b6060d1c00da103c49d", "size": 845, "tags": [11, 28, 201], "zip_id": "cheats_folder_tgfx16"}, "Cheats/TGFX16/Sinistron (USA) [4F6E2DBD].zip": {"hash": "7436e44b71d341debcfe00c020931bc1", "size": 378, "tags": [11, 28, 201], "zip_id": "cheats_folder_tgfx16"}, "Cheats/TGFX16/Skweek (Japan) [4D539C9F].zip": {"hash": "64e3144b53b7e47286c7075e12a18b6e", "size": 409, "tags": [11, 28, 201], "zip_id": "cheats_folder_tgfx16"}, "Cheats/TGFX16/Soldier Blade (USA) [4BB68B13].zip": {"hash": "8a6503096089bff0f84e67a5200c03e5", "size": 691, "tags": [11, 28, 201], "zip_id": "cheats_folder_tgfx16"}, "Cheats/TGFX16/Somer Assault (USA) [8FCAF2E9].zip": {"hash": "0915142ef570e1b74e894813625f1bbd", "size": 519, "tags": [11, 28, 201], "zip_id": "cheats_folder_tgfx16"}, "Cheats/TGFX16/Son Son II (Japan) [D7921DF2].zip": {"hash": "0ca167944a21a28d070a40917df24306", "size": 1002, "tags": [11, 28, 201], "zip_id": "cheats_folder_tgfx16"}, "Cheats/TGFX16/Space Harrier (USA) [43B05EB8].zip": {"hash": "2e8669a70d6901fcd795aaf581b28204", "size": 373, "tags": [11, 28, 201], "zip_id": "cheats_folder_tgfx16"}, "Cheats/TGFX16/Space Invaders - Fukkatsu no Hi (Japan) [99496DB3].zip": {"hash": "c5ded8cc670638f5e598c0440cc9744c", "size": 294, "tags": [11, 28, 201], "zip_id": "cheats_folder_tgfx16"}, "Cheats/TGFX16/Splatterhouse (USA) [D00CA74F].zip": {"hash": "a6fac9dba5785d501d514e843a57e3e1", "size": 2383, "tags": [11, 28, 201], "zip_id": "cheats_folder_tgfx16"}, "Cheats/TGFX16/Street Fighter II' - Champion Edition (Japan) [D15CB6BB].zip": {"hash": "6df36ecd1f9ed2645887b6fb1984ed94", "size": 3172, "tags": [11, 28, 201], "zip_id": "cheats_folder_tgfx16"}, "Cheats/TGFX16/Strip Fighter II (Japan) (Unl) [D6FC51CE].zip": {"hash": "b666e412159ee08daf0b79206d59d38f", "size": 883, "tags": [11, 28, 201], "zip_id": "cheats_folder_tgfx16"}, "Cheats/TGFX16/Super Mario Bros [3347B4C8].zip": {"hash": "291af29b56d92db2dac8be04c243219a", "size": 1414, "tags": [11, 28, 201], "zip_id": "cheats_folder_tgfx16"}, "Cheats/TGFX16/Super Metal Crusher (Japan) [56488B36].zip": {"hash": "cc20faa7df951012aa697c0781a39860", "size": 4467, "tags": [11, 28, 201], "zip_id": "cheats_folder_tgfx16"}, "Cheats/TGFX16/Super Star Soldier (USA) [DB29486F].zip": {"hash": "239e31193c764b4a9c1900b2a7f3eb55", "size": 978, "tags": [11, 28, 201], "zip_id": "cheats_folder_tgfx16"}, "Cheats/TGFX16/Super Volleyball (USA) [245040B3].zip": {"hash": "43c3e9119b7ad2ff68be1165bd803983", "size": 386, "tags": [11, 28, 201], "zip_id": "cheats_folder_tgfx16"}, "Cheats/TGFX16/Susanoou Densetsu (Japan) [CF73D8FC].zip": {"hash": "d32c83d7ddff831ce1f148b73ddeeea1", "size": 755, "tags": [11, 28, 201], "zip_id": "cheats_folder_tgfx16"}, "Cheats/TGFX16/TV Sports Basketball (USA) [EA54D653].zip": {"hash": "92126965d55f1eb31e46d3869f1f4764", "size": 845, "tags": [11, 28, 201], "zip_id": "cheats_folder_tgfx16"}, "Cheats/TGFX16/TV Sports Football (USA) [5E25B557].zip": {"hash": "f1565c415b80273f0c7e54e492a0c238", "size": 529, "tags": [11, 28, 201], "zip_id": "cheats_folder_tgfx16"}, "Cheats/TGFX16/TV Sports Hockey (USA) [97FE5BCF].zip": {"hash": "c469cf7dc90a74831a35899cac04bf3f", "size": 380, "tags": [11, 28, 201], "zip_id": "cheats_folder_tgfx16"}, "Cheats/TGFX16/Takahashi Meijin no Shin Bouken-jima (Japan) [E415EA19].zip": {"hash": "3953f125a53d6cf6834a617e0a86abd4", "size": 400, "tags": [11, 28, 201], "zip_id": "cheats_folder_tgfx16"}, "Cheats/TGFX16/Takeda Shingen (Japan) [F022BE13].zip": {"hash": "6adc4185d65e3be1e68d39937cce773d", "size": 512, "tags": [11, 28, 201], "zip_id": "cheats_folder_tgfx16"}, "Cheats/TGFX16/Takin' it to the Hoop (USA) [E9D51797].zip": {"hash": "82ea1c4f1f4e554b06a3158193acc0a6", "size": 245, "tags": [11, 28, 201], "zip_id": "cheats_folder_tgfx16"}, "Cheats/TGFX16/TaleSpin (USA) [BAE9CECC].zip": {"hash": "53a9f6e5bf28a94b3e5d93caf98bc498", "size": 515, "tags": [11, 28, 201], "zip_id": "cheats_folder_tgfx16"}, "Cheats/TGFX16/Tatsujin (Japan) [A6088275].zip": {"hash": "b761713cf3ea60cd1c14e4c552465003", "size": 527, "tags": [11, 28, 201], "zip_id": "cheats_folder_tgfx16"}, "Cheats/TGFX16/Tatsunoko Fighter (Japan) [EEB6DD43].zip": {"hash": "f740b26d33ceb7e001317878c2e7ee59", "size": 505, "tags": [11, 28, 201], "zip_id": "cheats_folder_tgfx16"}, "Cheats/TGFX16/Tenseiryuu - Saint Dragon (Japan) [2E278CCB].zip": {"hash": "6cb272400852b5ab916ce7ea811dbb01", "size": 243, "tags": [11, 28, 201], "zip_id": "cheats_folder_tgfx16"}, "Cheats/TGFX16/Terra Cresta II - Mandoler no Gyakushuu (Japan) [1B2D0077].zip": {"hash": "ea9f8e3a9cfb0bd07c474ce5deddeb2b", "size": 526, "tags": [11, 28, 201], "zip_id": "cheats_folder_tgfx16"}, "Cheats/TGFX16/Thunder Blade (Japan) [DDC3E809].zip": {"hash": "061f2b7f9dac0bac2ea1fd71e31e2f89", "size": 243, "tags": [11, 28, 201], "zip_id": "cheats_folder_tgfx16"}, "Cheats/TGFX16/Tiger Road (USA) [985D492D].zip": {"hash": "0a22d696f5f7ba473492cdeadd40bc7c", "size": 509, "tags": [11, 28, 201], "zip_id": "cheats_folder_tgfx16"}, "Cheats/TGFX16/Time Cruise (USA) [02C39660].zip": {"hash": "25156aee3ec2d7a6886cde1eefad2ec3", "size": 578, "tags": [11, 28, 201], "zip_id": "cheats_folder_tgfx16"}, "Cheats/TGFX16/Time Cruise II (Japan) [CFEC1D6A].zip": {"hash": "717e57b512f67231bd2a4ff32fd043c1", "size": 243, "tags": [11, 28, 201], "zip_id": "cheats_folder_tgfx16"}, "Cheats/TGFX16/Timeball (USA) [5D395019].zip": {"hash": "ca4b6bc4fdc72866d2eb7af7649aff74", "size": 288, "tags": [11, 28, 201], "zip_id": "cheats_folder_tgfx16"}, "Cheats/TGFX16/Titan (Japan) [D20F382F].zip": {"hash": "9616b53c8c2a1fdf7ba06718d78c30ae", "size": 247, "tags": [11, 28, 201], "zip_id": "cheats_folder_tgfx16"}, "Cheats/TGFX16/Toilet Kids (Japan) [53B7784B].zip": {"hash": "591bd0cc2400caf362c2fb5228ae15c2", "size": 661, "tags": [11, 28, 201], "zip_id": "cheats_folder_tgfx16"}, "Cheats/TGFX16/Tora e no Michi (Japan) [82AE3B16].zip": {"hash": "0d62777390cf4d24b00dae5e8a727808", "size": 385, "tags": [11, 28, 201], "zip_id": "cheats_folder_tgfx16"}, "Cheats/TGFX16/Tower of Druaga, The (Japan) [72E00BC4].zip": {"hash": "e3f42eae2b5da8ae30317c29834f4087", "size": 3826, "tags": [11, 28, 201], "zip_id": "cheats_folder_tgfx16"}, "Cheats/TGFX16/Toy Shop Boys (Japan) [97C5EE9A].zip": {"hash": "76b66c4854cdc4f4bba41e04df77c1a3", "size": 499, "tags": [11, 28, 201], "zip_id": "cheats_folder_tgfx16"}, "Cheats/TGFX16/Tricky (Japan) [3AEA2F8F].zip": {"hash": "f830888021092f521adb2c59d6e62c8e", "size": 797, "tags": [11, 28, 201], "zip_id": "cheats_folder_tgfx16"}, "Cheats/TGFX16/Tricky Kick (USA) [48E6FD34].zip": {"hash": "3694ef3ad0dc02dcca708e85993d7e39", "size": 1310, "tags": [11, 28, 201], "zip_id": "cheats_folder_tgfx16"}, "Cheats/TGFX16/Turrican (USA) [EB045EDF].zip": {"hash": "d55a9f454877a03159aa1d4ca58c8193", "size": 834, "tags": [11, 28, 201], "zip_id": "cheats_folder_tgfx16"}, "Cheats/TGFX16/USA Pro Basketball (Japan) [1CAD4B7F].zip": {"hash": "82ea1c4f1f4e554b06a3158193acc0a6", "size": 245, "tags": [11, 28, 201], "zip_id": "cheats_folder_tgfx16"}, "Cheats/TGFX16/Valkyrie no Densetsu (Japan) [A3303978].zip": {"hash": "3894cf81ac1ee3feb38cf7682ec041a0", "size": 523, "tags": [11, 28, 201], "zip_id": "cheats_folder_tgfx16"}, "Cheats/TGFX16/Veigues - Tactical Gladiator (USA) [99D14FB7].zip": {"hash": "df49ae5df136d64db5f0a3bfc097f393", "size": 1558, "tags": [11, 28, 201], "zip_id": "cheats_folder_tgfx16"}, "Cheats/TGFX16/Victory Run (USA) [85CBD045].zip": {"hash": "398840464ad236c28afc23cb3b49fe2e", "size": 239, "tags": [11, 28, 201], "zip_id": "cheats_folder_tgfx16"}, "Cheats/TGFX16/Vigilante (USA) [79D49A0D].zip": {"hash": "f51893c1094da5431a60220736644a8d", "size": 1517, "tags": [11, 28, 201], "zip_id": "cheats_folder_tgfx16"}, "Cheats/TGFX16/Violent Soldier (Japan) [1BC36B36].zip": {"hash": "5cc76c3b43669ae0aec76db347a08993", "size": 790, "tags": [11, 28, 201], "zip_id": "cheats_folder_tgfx16"}, "Cheats/TGFX16/Volfied (Japan) [AD226F30].zip": {"hash": "723e05ecc2f182b44db61231182b3b24", "size": 243, "tags": [11, 28, 201], "zip_id": "cheats_folder_tgfx16"}, "Cheats/TGFX16/W Ring - The Double Rings (J) [a1] [5EB0CD7E].zip": {"hash": "5524eef55f487b17f23982902f2fa505", "size": 243, "tags": [11, 28, 201], "zip_id": "cheats_folder_tgfx16"}, "Cheats/TGFX16/W-Ring - The Double Rings (Japan) [BE990010].zip": {"hash": "26f5e972f429e90850f1c582add2154f", "size": 394, "tags": [11, 28, 201], "zip_id": "cheats_folder_tgfx16"}, "Cheats/TGFX16/Wonder Momo (Japan) [59D07314].zip": {"hash": "ffa5be5b643a457bf5c3e825b21732d8", "size": 570, "tags": [11, 28, 201], "zip_id": "cheats_folder_tgfx16"}, "Cheats/TGFX16/World Class Baseball (USA) [4186D0C0].zip": {"hash": "a6d77c0596d2832fef0d2f07663e2807", "size": 937, "tags": [11, 28, 201], "zip_id": "cheats_folder_tgfx16"}, "Cheats/TGFX16/World Court Tennis (USA) [A4457DF0].zip": {"hash": "074e913fe7891f4b4a39ace8e53a448e", "size": 1346, "tags": [11, 28, 201], "zip_id": "cheats_folder_tgfx16"}, "Cheats/TGFX16/Xevious - Fardraut Saga (Japan) [F8F85EEC].zip": {"hash": "06d606958a30b2898c3a7bfbadbde3a9", "size": 225, "tags": [11, 28, 201], "zip_id": "cheats_folder_tgfx16"}, "Cheats/TGFX16/Youkai Douchuuki (Japan) [F131B706].zip": {"hash": "f4b64274faef79bb0ff9504abf655e63", "size": 505, "tags": [11, 28, 201], "zip_id": "cheats_folder_tgfx16"}, "Cheats/TGFX16/Zero4 Champ (Japan) (v1.5) [B77F2E2F].zip": {"hash": "b6796a6d87513a3938f9e734101f4ef6", "size": 259, "tags": [11, 28, 201], "zip_id": "cheats_folder_tgfx16"}, "Cheats/TGFX16/Zipang (Japan) [67AAB7A1].zip": {"hash": "bfee2a3ae5ce560c453df7d8c7211a8d", "size": 1060, "tags": [11, 28, 201], "zip_id": "cheats_folder_tgfx16"}}, "folders": {"Cheats": {"tags": [28, 201], "zip_id": "cheats_folder_tgfx16"}, "Cheats/TGFX16": {"tags": [11, 28, 201], "zip_id": "cheats_folder_tgfx16"}}}